,gender,race/ethnicity,parental level of education,lunch,test preparation course,math score,reading score,writing score
0,0,1,1,1,1,0.2155688622754491,0.711340206185567,0.11490125673249552
1,0,2,4,1,0,0.20658682634730538,0.8969072164948454,0.1400359066427289
2,0,1,3,1,1,0.2694610778443114,0.9484536082474226,0.1490125673249551
3,1,0,0,0,1,0.1407185628742515,0.5567010309278351,0.06104129263913824
4,1,2,4,1,1,0.2275449101796407,0.7731958762886598,0.11669658886894076
5,0,1,0,1,1,0.2125748502994012,0.8247422680412371,0.12208258527827648
6,0,1,4,1,0,0.2634730538922156,0.9484536082474226,0.14721723518850988
7,1,1,4,0,1,0.11976047904191617,0.41237113402061853,0.05206463195691203
8,1,3,2,0,0,0.19161676646706588,0.6288659793814433,0.10233393177737882
9,0,1,2,0,1,0.11377245508982035,0.5876288659793815,0.0718132854578097
10,1,2,0,1,1,0.17365269461077845,0.5257731958762887,0.07540394973070018
11,1,3,0,1,1,0.11976047904191617,0.5051546391752577,0.059245960502693
12,0,1,2,1,1,0.19461077844311378,0.8041237113402062,0.11310592459605028
13,1,0,4,1,0,0.23353293413173654,0.711340206185567,0.10771992818671454
14,0,0,3,1,1,0.1497005988023952,0.5154639175257731,0.08617594254937164
15,0,2,5,1,1,0.20658682634730538,0.7422680412371134,0.12208258527827648
16,1,2,2,1,1,0.2634730538922156,0.8865979381443299,0.13644524236983843
24,1,3,1,0,0,0.2215568862275449,0.061855670103092786,0.12567324955116696
25,1,0,3,0,1,0.218562874251497,0.05154639175257732,0.11131059245960502
26,1,1,4,1,1,0.20658682634730538,0.041237113402061855,0.0807899461400359
27,0,2,1,1,1,0.20059880239520958,0.030927835051546393,0.11669658886894076
29,0,3,3,1,1,0.18562874251497005,0.0,0.11669658886894076
30,0,3,4,1,1,0.20658682634730538,0.020618556701030927,0.11490125673249552
31,0,1,4,1,1,0.18862275449101795,0.030927835051546393,0.09156193895870736
32,0,4,3,0,1,0.16766467065868262,0.31958762886597936,0.09874326750448834
33,1,3,4,1,1,0.11976047904191617,0.1958762886597938,0.05026929982046679
35,1,4,0,1,0,0.24251497005988024,0.08247422680412371,0.12387791741472172
36,0,3,0,1,1,0.2215568862275449,0.09278350515463918,0.1310592459605027
37,0,3,5,0,1,0.1497005988023952,0.09278350515463918,0.08797127468581688
39,1,1,0,0,1,0.17065868263473055,0.5463917525773195,0.0843806104129264
40,1,2,0,0,1,0.16467065868263472,0.5979381443298969,0.07899461400359066
41,0,2,0,1,1,0.17365269461077845,0.7216494845360825,0.10412926391382406
42,0,1,0,1,1,0.15868263473053892,0.5670103092783505,0.09874326750448834
43,1,1,4,0,0,0.17664670658682635,0.6391752577319587,0.10053859964093358
44,0,4,0,0,1,0.1497005988023952,0.5463917525773195,0.07899461400359066
45,1,1,0,1,1,0.19461077844311378,0.5257731958762887,0.0843806104129264
46,0,0,0,1,0,0.16467065868263472,0.6391752577319587,0.0933572710951526
47,0,2,2,1,1,0.19760479041916168,0.7010309278350515,0.118491921005386
48,0,3,0,0,0,0.17065868263473055,0.7319587628865979,0.118491921005386
49,1,2,2,1,0,0.24550898203592814,0.8350515463917526,0.12926391382405744
50,1,4,4,1,1,0.15868263473053892,0.5360824742268041,0.06822262118491922
51,1,4,0,0,0,0.23053892215568864,0.6804123711340206,0.10412926391382406
52,1,2,4,1,1,0.15868263473053892,0.422680412371134,0.05745062836624776
53,1,3,2,1,1,0.2634730538922156,0.7731958762886598,0.11669658886894076
54,0,2,5,0,0,0.2125748502994012,0.8350515463917526,0.13824057450628366
55,0,2,2,0,1,0.09880239520958084,0.3917525773195876,0.059245960502693
56,0,4,0,1,0,0.24550898203592814,0.845360824742268,0.13644524236983843
57,1,3,0,1,1,0.15568862275449102,0.5360824742268041,0.07001795332136446
58,1,3,4,1,0,0.17365269461077845,0.5773195876288659,0.08617594254937164
59,0,2,5,0,1,0.0,0.14432989690721648,0.0
60,1,4,1,0,0,0.23652694610778444,0.7319587628865979,0.11131059245960502
61,1,0,5,0,1,0.11676646706586827,0.3711340206185567,0.04308797127468582
62,1,0,0,0,1,0.18562874251497005,0.5979381443298969,0.0807899461400359
63,0,2,0,1,1,0.20658682634730538,0.7938144329896907,0.10951526032315978
64,0,3,5,1,1,0.17664670658682635,0.5670103092783505,0.08797127468581688
65,1,1,5,1,1,0.20059880239520958,0.6288659793814433,0.09156193895870736
66,1,3,5,0,1,0.1347305389221557,0.35051546391752575,0.04847396768402154
67,0,2,4,1,1,0.17964071856287425,0.711340206185567,0.11490125673249552
68,1,1,0,0,1,0.18263473053892215,0.5670103092783505,0.08258527827648116
69,0,2,0,1,1,0.11676646706586827,0.6288659793814433,0.0843806104129264
70,0,3,4,0,0,0.17365269461077845,0.6185567010309279,0.11310592459605028
71,1,3,4,1,0,0.18862275449101795,0.5360824742268041,0.09515260323159784
72,0,0,0,0,1,0.12275449101796407,0.4948453608247423,0.06822262118491922
73,1,2,5,0,1,0.18263473053892215,0.5567010309278351,0.08258527827648116
74,1,2,5,1,1,0.1467065868263473,0.4742268041237113,0.05565529622980251
75,1,1,0,0,1,0.1317365269461078,0.3917525773195876,0.05026929982046679
76,1,4,5,1,1,0.08982035928143713,0.23711340206185566,0.02154398563734291
77,1,0,1,1,0,0.23952095808383234,0.7731958762886598,0.12746858168761221
78,0,3,5,1,0,0.18263473053892215,0.7319587628865979,0.11131059245960502
79,0,4,3,1,1,0.18562874251497005,0.6701030927835051,0.10412926391382406
80,0,1,0,1,1,0.1407185628742515,0.4742268041237113,0.0718132854578097
81,1,1,2,0,1,0.1467065868263473,0.4329896907216495,0.06283662477558348
82,1,0,4,0,0,0.1497005988023952,0.4536082474226804,0.07899461400359066
83,1,4,0,1,1,0.2155688622754491,0.6288659793814433,0.09515260323159784
84,1,3,2,0,1,0.12574850299401197,0.3711340206185567,0.04308797127468582
85,0,2,4,1,1,0.218562874251497,0.7938144329896907,0.12926391382405744
86,0,2,4,0,1,0.2275449101796407,0.8247422680412371,0.1400359066427289
87,0,3,0,1,1,0.2125748502994012,0.7010309278350515,0.11490125673249552
88,0,0,4,1,1,0.17365269461077845,0.6907216494845361,0.10233393177737882
89,0,3,5,1,1,0.218562874251497,0.8556701030927835,0.12926391382405744
90,0,2,1,1,1,0.19461077844311378,0.711340206185567,0.11490125673249552
91,1,2,2,0,1,0.08083832335329341,0.31958762886597936,0.0466786355475763
92,1,2,2,1,1,0.2125748502994012,0.7835051546391752,0.10951526032315978
93,1,2,0,0,0,0.12874251497005987,0.4329896907216495,0.0718132854578097
94,0,1,4,1,1,0.23652694610778444,0.8556701030927835,0.14721723518850988
95,1,2,0,0,0,0.23353293413173654,0.8041237113402062,0.12926391382405744
96,1,1,5,1,0,0.19461077844311378,0.6494845360824743,0.0933572710951526
97,0,4,4,1,0,0.18862275449101795,0.711340206185567,0.10771992818671454
98,0,3,4,0,1,0.17365269461077845,0.6597938144329897,0.0933572710951526
99,0,3,1,1,1,0.19461077844311378,0.6597938144329897,0.0933572710951526
100,1,1,4,1,1,0.23652694610778444,0.6597938144329897,0.10233393177737882
101,1,3,1,1,0,0.20359281437125748,0.7319587628865979,0.11490125673249552
102,0,3,0,1,1,0.25449101796407186,0.9072164948453608,0.14183123877917414
103,1,1,2,1,0,0.17964071856287425,0.422680412371134,0.06642728904847396
104,1,2,4,1,0,0.2934131736526946,0.8556701030927835,0.1436265709156194
105,0,2,4,1,1,0.17365269461077845,0.6597938144329897,0.11131059245960502
106,0,3,3,1,1,0.26047904191616766,1.0,0.1615798922800718
107,1,4,0,1,0,0.19760479041916168,0.6185567010309279,0.09694793536804308
108,0,1,0,0,1,0.15568862275449102,0.7525773195876289,0.10771992818671454
109,0,1,5,1,1,0.20958083832335328,0.6288659793814433,0.11131059245960502
110,0,3,0,0,0,0.23053892215568864,0.8865979381443299,0.15798922800718132
111,1,2,2,1,1,0.18562874251497005,0.5360824742268041,0.07001795332136446
112,1,0,0,1,1,0.16167664670658682,0.5154639175257731,0.06642728904847396
113,0,3,4,1,1,0.15269461077844312,0.5670103092783505,0.07899461400359066
114,0,4,1,1,0,0.2964071856287425,1.0,0.1615798922800718
115,1,2,2,1,1,0.25149700598802394,0.7628865979381443,0.11490125673249552
116,0,1,1,0,1,0.2245508982035928,0.845360824742268,0.12926391382405744
117,0,3,1,1,1,0.23353293413173654,0.8144329896907216,0.12387791741472172
118,0,3,5,1,1,0.15269461077844312,0.6185567010309279,0.09156193895870736
119,0,2,4,1,1,0.16467065868263472,0.6804123711340206,0.09874326750448834
120,0,2,1,1,0,0.23652694610778444,0.9175257731958762,0.14183123877917414
121,1,1,0,1,0,0.27245508982035926,0.8865979381443299,0.14721723518850988
122,0,2,4,1,0,0.2634730538922156,0.9278350515463918,0.1490125673249551
123,1,3,2,0,1,0.18862275449101795,0.5567010309278351,0.08258527827648116
124,1,4,4,1,1,0.24850299401197604,0.7938144329896907,0.11310592459605028
125,0,1,2,1,1,0.26047904191616766,0.9484536082474226,0.13644524236983843
126,1,1,5,1,1,0.2155688622754491,0.6701030927835051,0.10233393177737882
127,1,3,4,1,0,0.19461077844311378,0.7628865979381443,0.11490125673249552
128,1,3,3,1,1,0.24550898203592814,0.8144329896907216,0.11490125673249552
129,0,0,1,1,1,0.15269461077844312,0.4742268041237113,0.07360861759425494
130,1,3,3,1,1,0.26646706586826346,0.8350515463917526,0.12926391382405744
131,1,2,5,0,0,0.15868263473053892,0.35051546391752575,0.05385996409335727
132,1,4,4,0,0,0.26047904191616766,0.7319587628865979,0.10771992818671454
133,0,2,4,1,0,0.2245508982035928,0.8041237113402062,0.13285457809694792
134,1,3,1,0,0,0.2215568862275449,0.7835051546391752,0.11669658886894076
135,1,2,1,1,1,0.17365269461077845,0.5360824742268041,0.06822262118491922
136,1,1,5,1,0,0.15269461077844312,0.5257731958762887,0.05565529622980251
137,1,4,2,1,1,0.20958083832335328,0.5360824742268041,0.08258527827648116
138,0,2,0,1,1,0.17664670658682635,0.6494845360824743,0.10233393177737882
139,1,3,4,1,0,0.2125748502994012,0.5979381443298969,0.1059245960502693
140,0,3,5,1,1,0.2275449101796407,0.711340206185567,0.10951526032315978
141,0,2,4,0,1,0.17664670658682635,0.6082474226804123,0.09694793536804308
142,0,4,4,0,0,0.12574850299401197,0.5360824742268041,0.07899461400359066
143,1,0,2,1,1,0.17065868263473055,0.41237113402061853,0.06642728904847396
144,1,3,4,1,1,0.2634730538922156,0.7216494845360825,0.12208258527827648
145,0,2,4,0,1,0.0658682634730539,0.3711340206185567,0.04129263913824058
146,1,1,5,1,1,0.2634730538922156,0.8350515463917526,0.11669658886894076
147,1,2,0,0,1,0.218562874251497,0.6701030927835051,0.10053859964093358
148,0,3,1,1,0,0.20359281437125748,0.7422680412371134,0.12746858168761221
149,1,4,0,0,0,0.2994011976047904,1.0,0.1490125673249551
150,1,0,5,1,0,0.18562874251497005,0.6597938144329897,0.1059245960502693
151,1,0,1,1,1,0.23053892215568864,0.6597938144329897,0.10412926391382406
152,0,1,0,1,0,0.17664670658682635,0.6907216494845361,0.10053859964093358
153,1,3,1,1,1,0.16167664670658682,0.4742268041237113,0.06642728904847396
154,1,3,5,1,1,0.18562874251497005,0.6597938144329897,0.09156193895870736
155,0,2,4,1,0,0.20958083832335328,0.8865979381443299,0.1400359066427289
156,0,4,2,0,0,0.19760479041916168,0.7319587628865979,0.12208258527827648
157,1,1,4,0,1,0.17964071856287425,0.5876288659793815,0.08976660682226212
158,0,1,0,1,0,0.18263473053892215,0.8556701030927835,0.13824057450628366
159,1,3,0,0,1,0.19760479041916168,0.6082474226804123,0.09694793536804308
160,1,1,0,0,0,0.24550898203592814,0.7731958762886598,0.11490125673249552
161,0,4,4,0,0,0.2245508982035928,0.8762886597938144,0.13464991023339318
162,1,1,3,0,1,0.1467065868263473,0.5154639175257731,0.07540394973070018
163,1,2,2,1,1,0.15568862275449102,0.5154639175257731,0.07001795332136446
164,0,4,3,1,1,0.24251497005988024,0.9175257731958762,0.14542190305206462
165,0,2,1,1,0,0.2874251497005988,1.0,0.1615798922800718
166,1,2,2,0,0,0.15868263473053892,0.4948453608247423,0.07360861759425494
167,0,1,3,0,0,0.17365269461077845,0.7525773195876289,0.12208258527827648
168,0,1,2,1,0,0.20359281437125748,0.8247422680412371,0.12208258527827648
169,0,2,4,0,0,0.20059880239520958,0.7422680412371134,0.10771992818671454
170,1,0,2,1,0,0.2155688622754491,0.7216494845360825,0.11490125673249552
171,1,4,5,1,1,0.281437125748503,0.8762886597938144,0.12208258527827648
172,0,3,4,1,1,0.23652694610778444,0.8556701030927835,0.12746858168761221
173,0,2,0,1,1,0.18862275449101795,0.6597938144329897,0.10771992818671454
174,0,2,1,0,0,0.12874251497005987,0.4948453608247423,0.07899461400359066
175,0,2,3,1,0,0.24251497005988024,0.9072164948453608,0.13824057450628366
176,0,1,2,0,0,0.1377245508982036,0.5257731958762887,0.08617594254937164
177,0,2,0,1,0,0.2125748502994012,0.7628865979381443,0.12028725314183124
178,0,1,3,0,0,0.15568862275449102,0.6907216494845361,0.0933572710951526
179,0,3,5,1,0,0.2904191616766467,1.0,0.1615798922800718
180,1,2,3,0,0,0.18562874251497005,0.6701030927835051,0.11669658886894076
181,0,2,4,0,1,0.1377245508982036,0.6288659793814433,0.10053859964093358
182,0,4,2,1,1,0.1497005988023952,0.4845360824742268,0.06642728904847396
183,0,3,0,1,1,0.19461077844311378,0.6804123711340206,0.10771992818671454
184,1,2,5,0,0,0.1347305389221557,0.5051546391752577,0.07001795332136446
185,1,2,0,0,0,0.19461077844311378,0.6597938144329897,0.09874326750448834
186,1,4,2,1,1,0.23952095808383234,0.7525773195876289,0.09874326750448834
187,1,3,5,1,0,0.18562874251497005,0.6494845360824743,0.10412926391382406
188,1,1,5,0,1,0.1437125748502994,0.5051546391752577,0.06283662477558348
189,0,2,1,1,1,0.23053892215568864,0.8762886597938144,0.13824057450628366
190,0,4,0,1,1,0.19760479041916168,0.6391752577319587,0.1059245960502693
191,1,3,4,1,0,0.2275449101796407,0.8247422680412371,0.12387791741472172
192,0,1,5,1,1,0.18562874251497005,0.6288659793814433,0.10053859964093358
193,1,3,4,1,0,0.23053892215568864,0.6082474226804123,0.0933572710951526
194,0,2,3,1,0,0.20658682634730538,0.8350515463917526,0.13464991023339318
195,1,3,0,1,1,0.18263473053892215,0.5360824742268041,0.07540394973070018
196,1,2,5,0,0,0.17664670658682635,0.6804123711340206,0.09874326750448834
197,1,4,2,0,1,0.16467065868263472,0.5463917525773195,0.07360861759425494
198,0,1,4,0,1,0.1347305389221557,0.5154639175257731,0.0807899461400359
199,0,1,1,0,1,0.23353293413173654,0.7835051546391752,0.118491921005386
200,0,2,0,1,0,0.20059880239520958,0.8350515463917526,0.13644524236983843
201,0,3,4,0,1,0.19461077844311378,0.8041237113402062,0.12028725314183124
202,1,2,0,1,1,0.20658682634730538,0.7628865979381443,0.1059245960502693
203,0,1,0,1,1,0.17065868263473055,0.6804123711340206,0.10412926391382406
204,1,2,4,1,1,0.17664670658682635,0.3917525773195876,0.05745062836624776
205,1,3,5,1,0,0.2215568862275449,0.7010309278350515,0.12208258527827648
206,1,4,1,1,1,0.24550898203592814,0.6082474226804123,0.0933572710951526
207,1,4,2,1,0,0.24251497005988024,0.7938144329896907,0.118491921005386
208,0,1,4,0,1,0.2215568862275449,0.8041237113402062,0.118491921005386
209,0,1,4,0,1,0.17365269461077845,0.5979381443298969,0.10053859964093358
210,1,3,5,0,0,0.23952095808383234,0.7835051546391752,0.12387791741472172
211,1,2,4,0,1,0.10479041916167664,0.25773195876288657,0.03052064631956912
212,0,2,2,0,1,0.12574850299401197,0.6082474226804123,0.08976660682226212
213,1,2,0,0,0,0.17964071856287425,0.4948453608247423,0.08258527827648116
214,1,4,2,1,0,0.26047904191616766,0.9072164948453608,0.12746858168761221
215,1,1,5,1,0,0.25149700598802394,0.8247422680412371,0.11669658886894076
216,0,4,0,0,0,0.24850299401197604,0.8556701030927835,0.1400359066427289
217,0,2,2,0,1,0.10179640718562874,0.4020618556701031,0.05206463195691203
218,1,1,2,0,1,0.19760479041916168,0.7628865979381443,0.10771992818671454
219,1,1,5,1,0,0.18263473053892215,0.5463917525773195,0.08258527827648116
220,0,3,2,1,0,0.16766467065868262,0.6701030927835051,0.11490125673249552
221,1,1,0,1,1,0.26047904191616766,0.845360824742268,0.11310592459605028
222,0,2,5,0,1,0.16467065868263472,0.6391752577319587,0.0933572710951526
223,1,3,5,1,1,0.25748502994011974,0.7938144329896907,0.11669658886894076
224,0,1,0,1,0,0.15568862275449102,0.6494845360824743,0.11310592459605028
225,0,4,3,0,1,0.1347305389221557,0.5463917525773195,0.07899461400359066
226,0,2,4,1,1,0.2155688622754491,0.711340206185567,0.10951526032315978
227,1,3,2,1,1,0.17065868263473055,0.4845360824742268,0.07899461400359066
228,1,0,5,0,1,0.20359281437125748,0.711340206185567,0.09694793536804308
229,0,2,4,1,0,0.2634730538922156,0.9484536082474226,0.15080789946140036
230,1,3,4,1,1,0.2275449101796407,0.6288659793814433,0.10053859964093358
231,1,2,0,1,1,0.1377245508982036,0.41237113402061853,0.05745062836624776
232,0,1,1,1,1,0.20059880239520958,0.8556701030927835,0.1310592459605027
233,1,4,5,1,1,0.2754491017964072,0.865979381443299,0.12208258527827648
234,1,2,1,1,0,0.24850299401197604,0.8144329896907216,0.13285457809694792
235,1,3,0,1,1,0.23952095808383234,0.7422680412371134,0.12028725314183124
236,1,3,1,0,1,0.18862275449101795,0.6494845360824743,0.10233393177737882
237,0,3,5,1,0,0.19161676646706588,0.5876288659793815,0.11490125673249552
238,1,1,4,1,1,0.16167664670658682,0.5051546391752577,0.07360861759425494
239,1,2,0,1,1,0.25149700598802394,0.7938144329896907,0.12567324955116696
240,1,3,2,0,0,0.218562874251497,0.6701030927835051,0.10053859964093358
241,0,4,1,1,1,0.23952095808383234,0.8247422680412371,0.1310592459605027
242,0,3,2,1,1,0.16766467065868262,0.5051546391752577,0.0807899461400359
243,1,4,4,1,1,0.17664670658682635,0.4948453608247423,0.059245960502693
244,1,3,5,1,1,0.2245508982035928,0.7319587628865979,0.1059245960502693
245,1,2,0,1,1,0.25449101796407186,0.7525773195876289,0.10951526032315978
246,1,4,0,1,1,0.26646706586826346,0.7525773195876289,0.11490125673249552
247,0,1,2,1,0,0.17365269461077845,0.6907216494845361,0.10412926391382406
248,0,1,2,1,1,0.19461077844311378,0.6288659793814433,0.0933572710951526
249,1,2,2,1,1,0.20359281437125748,0.5876288659793815,0.07719928186714542
250,1,0,5,1,0,0.1407185628742515,0.4742268041237113,0.07001795332136446
251,0,3,4,0,1,0.2125748502994012,0.8247422680412371,0.1310592459605027
252,0,1,5,1,0,0.17964071856287425,0.6907216494845361,0.10771992818671454
253,1,3,3,1,1,0.23952095808383234,0.7938144329896907,0.11131059245960502
254,1,3,2,1,1,0.16167664670658682,0.5051546391752577,0.07540394973070018
255,0,4,4,1,1,0.18562874251497005,0.7216494845360825,0.10771992818671454
256,0,2,0,0,1,0.19161676646706588,0.7216494845360825,0.10412926391382406
257,1,2,0,1,0,0.23353293413173654,0.7628865979381443,0.12028725314183124
258,0,1,4,1,1,0.20958083832335328,0.7422680412371134,0.12208258527827648
259,0,2,3,0,0,0.19461077844311378,0.8041237113402062,0.12746858168761221
260,0,2,5,0,0,0.19161676646706588,0.7835051546391752,0.12028725314183124
261,1,2,4,1,0,0.23652694610778444,0.7835051546391752,0.12208258527827648
262,0,2,5,0,1,0.1317365269461078,0.4845360824742268,0.07360861759425494
263,0,4,2,1,1,0.2964071856287425,0.9278350515463918,0.1436265709156194
264,1,3,2,1,1,0.2275449101796407,0.7216494845360825,0.10412926391382406
265,1,3,5,0,1,0.17664670658682635,0.4020618556701031,0.05565529622980251
266,0,2,1,1,1,0.18862275449101795,0.7422680412371134,0.12746858168761221
267,0,3,2,1,1,0.20658682634730538,0.711340206185567,0.12028725314183124
268,0,3,0,1,0,0.2634730538922156,0.9175257731958762,0.1526032315978456
269,0,4,4,0,1,0.2125748502994012,0.7525773195876289,0.10771992818671454
270,1,2,1,1,1,0.20658682634730538,0.6185567010309279,0.09156193895870736
271,1,2,4,1,1,0.17365269461077845,0.4742268041237113,0.05745062836624776
272,0,3,0,0,1,0.1407185628742515,0.5154639175257731,0.08617594254937164
273,0,3,4,1,1,0.19461077844311378,0.6907216494845361,0.10951526032315978
274,1,1,4,1,0,0.2634730538922156,0.845360824742268,0.118491921005386
275,1,2,1,1,1,0.24850299401197604,0.7731958762886598,0.11310592459605028
276,0,2,5,1,0,0.25449101796407186,0.9175257731958762,0.1490125673249551
277,0,4,2,1,0,0.17664670658682635,0.6185567010309279,0.11669658886894076
278,0,2,5,0,1,0.19461077844311378,0.8556701030927835,0.12567324955116696
279,1,1,1,0,1,0.218562874251497,0.5463917525773195,0.0843806104129264
280,1,3,2,1,1,0.15868263473053892,0.5051546391752577,0.05745062836624776
281,1,3,2,1,1,0.1347305389221557,0.4639175257731959,0.06463195691202872
282,0,3,1,0,1,0.218562874251497,0.7835051546391752,0.13285457809694792
283,0,3,4,0,0,0.20958083832335328,0.7731958762886598,0.12208258527827648
284,0,1,5,1,1,0.11077844311377245,0.44329896907216493,0.06463195691202872
285,1,1,0,1,0,0.24251497005988024,0.8144329896907216,0.12926391382405744
286,1,4,0,1,0,0.2904191616766467,0.8144329896907216,0.1400359066427289
287,0,1,5,1,1,0.20059880239520958,0.8865979381443299,0.12926391382405744
288,1,1,1,0,1,0.2634730538922156,0.7422680412371134,0.118491921005386
289,1,4,5,1,0,0.23053892215568864,0.7525773195876289,0.12028725314183124
290,1,2,0,1,1,0.2275449101796407,0.6907216494845361,0.10412926391382406
291,1,3,5,1,1,0.25748502994011974,0.7216494845360825,0.10771992818671454
292,1,2,5,1,0,0.18862275449101795,0.5876288659793815,0.0843806104129264
293,0,4,1,1,1,0.19461077844311378,0.7216494845360825,0.11669658886894076
294,1,3,2,0,0,0.23353293413173654,0.7628865979381443,0.12567324955116696
295,1,1,0,0,1,0.20059880239520958,0.6082474226804123,0.08976660682226212
296,1,0,5,1,0,0.1377245508982036,0.3917525773195876,0.059245960502693
297,1,4,0,1,0,0.2125748502994012,0.7319587628865979,0.10412926391382406
298,1,2,2,0,0,0.11976047904191617,0.44329896907216493,0.0718132854578097
299,1,3,0,0,1,0.2694610778443114,0.865979381443299,0.11669658886894076
300,1,0,4,0,0,0.24251497005988024,0.7731958762886598,0.12746858168761221
301,1,3,5,0,1,0.16766467065868262,0.5257731958762887,0.07540394973070018
302,0,2,0,1,0,0.20059880239520958,0.8350515463917526,0.12746858168761221
303,1,1,0,1,1,0.23952095808383234,0.7525773195876289,0.09694793536804308
304,0,2,0,1,0,0.2215568862275449,0.7422680412371134,0.1310592459605027
305,1,0,4,1,1,0.20658682634730538,0.6597938144329897,0.1059245960502693
306,1,4,4,1,0,0.2964071856287425,0.865979381443299,0.12746858168761221
307,1,2,5,1,1,0.15269461077844312,0.5051546391752577,0.06104129263913824
308,0,1,0,0,1,0.15868263473053892,0.7010309278350515,0.10233393177737882
309,0,3,2,0,1,0.1467065868263473,0.5567010309278351,0.07540394973070018
310,0,1,0,1,1,0.218562874251497,0.7525773195876289,0.12567324955116696
311,1,1,1,1,1,0.19760479041916168,0.5876288659793815,0.0843806104129264
312,1,3,1,1,0,0.20059880239520958,0.5979381443298969,0.10412926391382406
313,0,2,0,0,0,0.20359281437125748,0.6597938144329897,0.1059245960502693
314,0,2,1,1,0,0.17664670658682635,0.6288659793814433,0.11669658886894076
315,1,2,2,1,1,0.2125748502994012,0.6494845360824743,0.09874326750448834
316,0,3,3,1,0,0.23053892215568864,0.8144329896907216,0.14542190305206462
317,1,2,0,1,1,0.24850299401197604,0.711340206185567,0.12208258527827648
318,1,1,1,1,1,0.18862275449101795,0.7010309278350515,0.1059245960502693
319,0,3,0,0,1,0.16766467065868262,0.6391752577319587,0.09515260323159784
320,0,2,2,0,0,0.20059880239520958,0.7835051546391752,0.13285457809694792
321,0,4,2,1,1,0.2245508982035928,0.8556701030927835,0.12387791741472172
322,0,2,4,1,1,0.2125748502994012,0.8041237113402062,0.12567324955116696
323,0,2,5,0,1,0.12874251497005987,0.5154639175257731,0.07719928186714542
324,0,2,2,0,1,0.12275449101796407,0.44329896907216493,0.059245960502693
325,0,2,4,1,1,0.24550898203592814,0.8969072164948454,0.15080789946140036
326,1,2,4,1,1,0.18263473053892215,0.5979381443298969,0.0933572710951526
327,1,0,4,0,1,0.08383233532934131,0.20618556701030927,0.01615798922800718
328,1,2,0,1,0,0.24550898203592814,0.7422680412371134,0.12028725314183124
329,0,1,5,1,1,0.12275449101796407,0.5360824742268041,0.07360861759425494
330,1,2,2,1,1,0.2125748502994012,0.5876288659793815,0.09156193895870736
331,1,2,0,1,1,0.1407185628742515,0.35051546391752575,0.04488330341113106
332,1,4,0,1,0,0.18562874251497005,0.5463917525773195,0.07719928186714542
333,1,1,0,1,1,0.2694610778443114,0.7731958762886598,0.12746858168761221
334,0,2,1,1,1,0.24850299401197604,0.9278350515463918,0.1526032315978456
335,0,1,4,0,1,0.18263473053892215,0.6701030927835051,0.10053859964093358
336,1,3,5,1,0,0.2275449101796407,0.6907216494845361,0.1059245960502693
337,1,2,0,1,1,0.1467065868263473,0.4948453608247423,0.059245960502693
338,0,1,5,0,1,0.0718562874251497,0.36082474226804123,0.03052064631956912
339,0,3,5,0,0,0.10479041916167664,0.5360824742268041,0.08976660682226212
340,1,2,2,0,1,0.17365269461077845,0.5979381443298969,0.07540394973070018
341,0,2,2,1,1,0.18263473053892215,0.7216494845360825,0.09515260323159784
342,0,1,2,1,0,0.20658682634730538,0.7525773195876289,0.11490125673249552
343,1,3,0,1,0,0.20059880239520958,0.711340206185567,0.10233393177737882
344,1,3,4,1,1,0.23652694610778444,0.7216494845360825,0.10233393177737882
345,0,2,2,1,1,0.2155688622754491,0.7938144329896907,0.11669658886894076
346,1,1,4,1,1,0.18562874251497005,0.5979381443298969,0.0843806104129264
347,0,2,1,1,0,0.23053892215568864,0.9381443298969072,0.1526032315978456
348,1,3,2,0,1,0.2245508982035928,0.7319587628865979,0.10053859964093358
349,1,4,0,1,1,0.26047904191616766,0.7319587628865979,0.118491921005386
350,0,1,1,1,1,0.15568862275449102,0.6391752577319587,0.1059245960502693
351,1,4,4,1,1,0.19760479041916168,0.5567010309278351,0.07540394973070018
352,0,2,4,1,0,0.18862275449101795,0.7731958762886598,0.12567324955116696
353,0,2,0,1,1,0.1377245508982036,0.5670103092783505,0.0843806104129264
354,0,2,4,1,1,0.17664670658682635,0.7010309278350515,0.10771992818671454
355,0,1,1,1,1,0.18263473053892215,0.711340206185567,0.10771992818671454
356,1,0,0,1,1,0.18862275449101795,0.5979381443298969,0.09156193895870736
357,0,2,4,0,0,0.12574850299401197,0.6494845360824743,0.1059245960502693
358,1,3,4,0,1,0.17664670658682635,0.6082474226804123,0.09156193895870736
359,0,3,4,1,1,0.23952095808383234,0.8969072164948454,0.14183123877917414
360,0,1,2,1,1,0.17365269461077845,0.6082474226804123,0.08797127468581688
361,1,1,5,1,0,0.25449101796407186,0.8350515463917526,0.12208258527827648
362,0,2,4,1,1,0.15568862275449102,0.5670103092783505,0.08617594254937164
363,0,3,5,0,1,0.08083832335329341,0.31958762886597936,0.03949730700179533
364,1,2,4,1,1,0.17664670658682635,0.5876288659793815,0.08617594254937164
365,1,0,1,0,0,0.1467065868263473,0.5670103092783505,0.08976660682226212
366,1,2,2,1,0,0.20658682634730538,0.5670103092783505,0.07719928186714542
367,1,2,1,0,1,0.18263473053892215,0.6494845360824743,0.09156193895870736
368,0,0,5,0,1,0.1317365269461078,0.6288659793814433,0.08617594254937164
369,0,3,5,1,1,0.218562874251497,0.8350515463917526,0.13464991023339318
370,1,4,4,1,1,0.25149700598802394,0.7628865979381443,0.10951526032315978
371,0,2,4,0,0,0.1347305389221557,0.7216494845360825,0.10771992818671454
372,1,3,5,1,1,0.2215568862275449,0.7319587628865979,0.11131059245960502
373,0,3,4,1,0,0.24550898203592814,0.9690721649484536,0.15439856373429084
374,0,3,1,1,1,0.17664670658682635,0.6907216494845361,0.11310592459605028
375,1,4,0,0,1,0.1377245508982036,0.41237113402061853,0.05565529622980251
376,0,3,5,1,1,0.23952095808383234,0.8969072164948454,0.12926391382405744
377,0,3,3,0,0,0.25449101796407186,0.9484536082474226,0.1615798922800718
378,0,0,5,1,1,0.2125748502994012,0.8247422680412371,0.12028725314183124
379,1,0,1,1,1,0.19760479041916168,0.6288659793814433,0.0933572710951526
380,0,1,0,1,1,0.23952095808383234,0.8556701030927835,0.1310592459605027
381,1,2,0,1,0,0.26047904191616766,1.0,0.1526032315978456
382,1,2,3,0,1,0.23652694610778444,0.8041237113402062,0.10951526032315978
383,0,4,5,0,1,0.11377245508982035,0.4742268041237113,0.06283662477558348
384,0,0,5,0,1,0.11377245508982035,0.41237113402061853,0.059245960502693
385,0,4,4,1,1,0.20059880239520958,0.7525773195876289,0.11669658886894076
386,0,4,1,1,1,0.19161676646706588,0.7216494845360825,0.10771992818671454
387,0,2,0,0,1,0.17065868263473055,0.7731958762886598,0.10233393177737882
388,0,3,2,1,1,0.18562874251497005,0.6288659793814433,0.09694793536804308
389,1,3,3,1,1,0.218562874251497,0.6907216494845361,0.11669658886894076
390,1,4,5,0,0,0.218562874251497,0.6597938144329897,0.08797127468581688
391,0,3,4,1,1,0.23053892215568864,0.6701030927835051,0.12028725314183124
392,1,4,4,1,1,0.2275449101796407,0.6597938144329897,0.10233393177737882
393,1,2,0,1,0,0.17065868263473055,0.5257731958762887,0.08258527827648116
394,0,2,5,1,0,0.19461077844311378,0.7319587628865979,0.12028725314183124
395,1,0,2,0,1,0.1437125748502994,0.4329896907216495,0.05565529622980251
396,0,1,2,0,1,0.1497005988023952,0.6597938144329897,0.09515260323159784
397,0,2,0,1,1,0.25449101796407186,0.8865979381443299,0.1526032315978456
398,1,1,5,1,1,0.2215568862275449,0.6185567010309279,0.0843806104129264
399,1,3,5,1,1,0.17964071856287425,0.5773195876288659,0.07899461400359066
400,0,2,5,1,0,0.17664670658682635,0.5257731958762887,0.10233393177737882
401,1,0,4,1,1,0.15868263473053892,0.41237113402061853,0.059245960502693
402,0,0,4,0,1,0.1467065868263473,0.6391752577319587,0.0807899461400359
403,0,3,2,1,0,0.2634730538922156,0.9896907216494846,0.1615798922800718
404,0,2,2,1,1,0.16167664670658682,0.5773195876288659,0.0933572710951526
405,0,2,5,1,1,0.18862275449101795,0.7216494845360825,0.10412926391382406
406,1,1,0,1,0,0.19461077844311378,0.6391752577319587,0.09515260323159784
407,0,1,0,1,1,0.24550898203592814,0.7938144329896907,0.12028725314183124
408,0,3,2,0,0,0.15568862275449102,0.5567010309278351,0.08258527827648116
409,1,3,0,1,0,0.26047904191616766,0.8350515463917526,0.13464991023339318
410,0,3,3,1,0,0.20958083832335328,0.7010309278350515,0.11490125673249552
411,1,4,4,1,0,0.25149700598802394,0.8247422680412371,0.12208258527827648
412,1,3,0,1,1,0.2125748502994012,0.6494845360824743,0.08976660682226212
413,1,1,5,1,0,0.18862275449101795,0.6597938144329897,0.10233393177737882
414,0,2,1,0,0,0.15269461077844312,0.711340206185567,0.12387791741472172
415,1,4,2,1,1,0.25149700598802394,0.7216494845360825,0.1059245960502693
416,1,2,1,1,0,0.2125748502994012,0.7319587628865979,0.10412926391382406
417,1,2,0,1,1,0.2215568862275449,0.7216494845360825,0.10233393177737882
418,1,3,4,1,1,0.20359281437125748,0.5773195876288659,0.0933572710951526
419,1,4,2,0,0,0.17065868263473055,0.5463917525773195,0.07899461400359066
420,0,2,0,0,0,0.3383233532934132,0.9278350515463918,0.1490125673249551
421,0,3,2,1,0,0.17065868263473055,0.5670103092783505,0.09694793536804308
422,0,3,3,0,0,0.1407185628742515,0.5670103092783505,0.10233393177737882
423,0,0,5,1,0,0.17664670658682635,0.845360824742268,0.12567324955116696
424,1,1,4,0,1,0.12275449101796407,0.3711340206185567,0.04308797127468582
425,0,2,4,0,1,0.18562874251497005,0.6597938144329897,0.0933572710951526
426,1,2,1,1,1,0.25748502994011974,0.8247422680412371,0.13644524236983843
427,1,2,5,0,1,0.20658682634730538,0.7010309278350515,0.09874326750448834
428,1,0,5,0,1,0.19461077844311378,0.5773195876288659,0.07719928186714542
429,1,2,5,0,1,0.20359281437125748,0.6185567010309279,0.07899461400359066
430,1,2,0,0,1,0.19161676646706588,0.6494845360824743,0.08797127468581688
431,0,2,2,1,1,0.36826347305389223,0.711340206185567,0.10771992818671454
450,0,2,4,0,0,0.19161676646706588,0.845360824742268,0.13464991023339318
451,0,4,4,1,1,0.2994011976047904,0.9175257731958762,0.1561938958707361
452,0,2,0,0,1,0.19461077844311378,0.7628865979381443,0.11490125673249552
453,1,2,4,0,1,0.19461077844311378,0.5670103092783505,0.07001795332136446
454,0,2,0,0,1,0.15868263473053892,0.5979381443298969,0.0933572710951526
455,1,2,1,0,1,0.11077844311377245,0.5463917525773195,0.06642728904847396
457,1,3,0,0,1,0.15868263473053892,0.5257731958762887,0.06822262118491922
458,0,4,1,1,1,0.2994011976047904,1.0,0.1615798922800718
459,1,1,2,1,0,0.2155688622754491,0.6391752577319587,0.18312387791741472
460,1,2,1,0,1,0.15868263473053892,0.5670103092783505,0.0807899461400359
461,1,1,4,0,1,0.16167664670658682,0.5257731958762887,0.06283662477558348
462,0,4,4,1,1,0.2125748502994012,0.6907216494845361,0.118491921005386
463,0,2,4,0,1,0.23053892215568864,0.8969072164948454,0.14542190305206462
464,1,0,1,1,0,0.2245508982035928,0.5670103092783505,0.0933572710951526
465,0,2,4,1,1,0.25149700598802394,0.865979381443299,0.1867145421903052
466,0,3,0,0,1,0.07784431137724551,0.28865979381443296,0.05026929982046679
467,1,0,2,0,0,0.2155688622754491,0.6597938144329897,0.09874326750448834
468,0,0,2,0,0,0.23053892215568864,0.8762886597938144,0.13464991023339318
469,1,2,4,1,1,0.27245508982035926,0.7319587628865979,0.118491921005386
470,0,2,0,1,0,0.24850299401197604,0.845360824742268,0.1436265709156194
471,0,2,2,1,1,0.18862275449101795,0.6804123711340206,0.11490125673249552
472,0,2,0,1,0,0.20359281437125748,0.8556701030927835,0.13285457809694792
473,0,3,5,1,1,0.17664670658682635,0.6597938144329897,0.09156193895870736
474,0,1,0,1,0,1.0,0.8969072164948454,0.14542190305206462
475,0,3,1,1,0,0.2125748502994012,0.7525773195876289,0.1310592459605027
476,1,4,1,1,0,0.2275449101796407,0.6082474226804123,0.10053859964093358
477,1,3,0,1,1,0.23952095808383234,0.6701030927835051,0.11131059245960502
478,0,3,3,1,1,0.16467065868263472,0.6288659793814433,0.10771992818671454
479,1,4,0,1,1,0.2275449101796407,0.7010309278350515,0.10233393177737882
480,1,1,2,1,0,0.218562874251497,0.7010309278350515,0.10412926391382406
481,0,3,0,0,1,0.15568862275449102,0.5773195876288659,0.08258527827648116
482,1,2,4,0,1,0.20359281437125748,0.6701030927835051,0.09156193895870736
483,1,0,2,1,1,0.17664670658682635,0.5051546391752577,0.06463195691202872
484,0,1,0,1,1,0.1467065868263473,0.5051546391752577,0.07899461400359066
485,1,2,2,1,1,0.20958083832335328,0.7319587628865979,0.10951526032315978
486,1,3,4,0,1,0.18263473053892215,0.4536082474226804,0.08258527827648116
487,0,2,0,0,1,0.17964071856287425,0.7422680412371134,0.11490125673249552
488,1,1,5,1,0,0.19161676646706588,0.5154639175257731,0.0843806104129264
489,1,0,0,0,0,0.23652694610778444,0.8144329896907216,0.12926391382405744
490,0,0,0,0,1,0.19461077844311378,0.845360824742268,0.118491921005386
491,0,2,0,1,1,0.19161676646706588,0.6288659793814433,0.10771992818671454
492,0,2,4,1,1,0.24850299401197604,0.8247422680412371,0.1436265709156194
493,0,2,1,1,1,0.24251497005988024,0.8762886597938144,0.1436265709156194
494,0,1,2,1,1,0.16167664670658682,0.6288659793814433,0.10412926391382406
495,1,3,2,1,0,0.20359281437125748,0.6288659793814433,0.10053859964093358
496,0,2,4,1,1,0.16167664670658682,0.4639175257731959,0.07540394973070018
497,0,3,4,0,0,0.17664670658682635,0.7731958762886598,0.118491921005386
498,0,1,5,1,1,0.19760479041916168,0.6804123711340206,0.10412926391382406
499,1,4,4,1,1,0.2275449101796407,0.7010309278350515,0.11131059245960502
500,0,3,3,1,1,0.2215568862275449,0.7835051546391752,0.12926391382405744
501,0,1,0,1,0,0.281437125748503,0.865979381443299,0.14721723518850988
502,1,2,4,0,1,0.18862275449101795,0.5979381443298969,0.07899461400359066
503,0,4,0,1,0,0.2844311377245509,0.8865979381443299,0.14721723518850988
504,0,3,3,0,1,0.11976047904191617,0.5773195876288659,0.07899461400359066
505,0,1,5,1,1,0.24550898203592814,0.8144329896907216,0.12567324955116696
506,1,0,2,1,1,0.20359281437125748,0.6907216494845361,0.10053859964093358
507,1,1,1,0,1,0.16467065868263472,0.5773195876288659,0.07899461400359066
508,1,2,3,1,1,0.23652694610778444,0.7731958762886598,0.12028725314183124
509,0,2,1,1,1,0.25748502994011974,0.9175257731958762,0.13824057450628366
510,1,3,4,1,1,0.2275449101796407,0.7010309278350515,0.11310592459605028
511,1,0,5,1,1,0.19161676646706588,0.4845360824742268,0.059245960502693
512,1,3,5,0,1,0.18562874251497005,0.4742268041237113,0.07540394973070018
513,0,1,5,1,0,0.16167664670658682,0.5979381443298969,0.0933572710951526
514,0,1,3,0,0,0.23053892215568864,0.9690721649484536,0.15080789946140036
515,0,2,5,1,0,0.2275449101796407,0.865979381443299,0.13464991023339318
516,0,3,4,1,1,0.2215568862275449,0.8865979381443299,0.13285457809694792
517,0,4,4,1,0,0.19760479041916168,0.7319587628865979,0.11310592459605028
518,0,3,5,1,0,0.19760479041916168,0.7731958762886598,0.12208258527827648
519,0,1,2,0,0,0.20059880239520958,0.7731958762886598,0.12387791741472172
520,1,3,4,1,1,0.2125748502994012,0.4742268041237113,0.07540394973070018
521,0,2,0,1,1,0.27245508982035926,0.8556701030927835,0.13285457809694792
522,1,3,1,1,1,0.20658682634730538,0.5670103092783505,0.0843806104129264
523,1,2,3,0,1,0.16167664670658682,0.5773195876288659,0.0718132854578097
524,1,2,2,1,0,0.15868263473053892,0.5051546391752577,0.07001795332136446
525,1,4,4,1,1,0.20359281437125748,0.5876288659793815,0.08797127468581688
526,1,2,5,0,0,0.16766467065868262,0.5979381443298969,0.08976660682226212
527,0,2,2,0,1,0.10778443113772455,0.5154639175257731,0.059245960502693
528,0,3,1,0,1,0.08682634730538923,0.3917525773195876,0.06642728904847396
529,0,2,0,1,1,0.18562874251497005,0.7319587628865979,0.10771992818671454
530,0,2,0,1,0,0.20359281437125748,0.6597938144329897,0.11310592459605028
531,0,2,5,1,1,0.1407185628742515,0.5257731958762887,0.07719928186714542
532,1,4,0,1,0,0.18562874251497005,0.5979381443298969,0.08617594254937164
533,0,4,0,1,0,0.23652694610778444,0.8762886597938144,0.15080789946140036
534,1,1,2,1,0,0.218562874251497,0.6804123711340206,0.10412926391382406
535,0,2,1,0,0,0.19760479041916168,0.8247422680412371,0.1310592459605027
536,1,2,0,1,0,0.15269461077844312,0.5876288659793815,0.08617594254937164
537,0,3,2,1,1,0.15269461077844312,0.6494845360824743,0.0933572710951526
538,1,4,1,1,0,0.25449101796407186,0.6494845360824743,0.10951526032315978
539,1,0,0,1,0,0.2904191616766467,0.9175257731958762,0.13644524236983843
540,1,2,2,1,0,0.2245508982035928,0.6804123711340206,0.10412926391382406
541,1,3,0,0,0,0.23652694610778444,0.8144329896907216,0.12567324955116696
542,0,2,0,1,1,0.24251497005988024,0.7628865979381443,0.7989228007181328
543,0,3,0,1,1,0.24550898203592814,0.9484536082474226,0.14183123877917414
544,0,3,3,1,1,0.19161676646706588,0.6185567010309279,0.10053859964093358
545,1,4,5,0,0,0.23353293413173654,0.8247422680412371,0.12567324955116696
546,0,0,5,1,0,0.2754491017964072,1.0,0.1561938958707361
547,1,2,2,1,0,0.2155688622754491,0.6597938144329897,0.09694793536804308
548,0,2,2,0,1,0.18562874251497005,0.6597938144329897,0.09694793536804308
549,1,2,3,1,1,0.23652694610778444,0.711340206185567,0.1059245960502693
550,1,2,5,0,1,0.23652694610778444,0.7525773195876289,0.09874326750448834
551,1,1,1,0,0,0.26047904191616766,0.8969072164948454,0.1400359066427289
552,0,1,0,1,1,0.11976047904191617,0.4639175257731959,0.0718132854578097
553,1,3,4,0,1,0.23053892215568864,0.6082474226804123,0.09694793536804308
554,1,4,0,1,1,0.15868263473053892,0.4329896907216495,0.05385996409335727
555,0,2,4,0,1,0.09580838323353294,0.3711340206185567,0.04129263913824058
556,0,2,0,1,0,0.16467065868263472,0.711340206185567,0.12387791741472172
557,1,2,3,0,1,0.18263473053892215,0.6597938144329897,0.10053859964093358
558,0,1,0,0,1,0.15868263473053892,0.6907216494845361,0.10771992818671454
559,1,3,5,1,1,0.218562874251497,0.6494845360824743,0.0933572710951526
560,0,3,4,1,0,0.2215568862275449,0.7422680412371134,0.12387791741472172
561,0,2,4,1,1,0.18862275449101795,0.7319587628865979,0.11490125673249552
562,1,2,1,1,0,0.2874251497005988,0.8969072164948454,0.14721723518850988
563,0,3,4,0,0,0.18862275449101795,0.7938144329896907,0.12567324955116696
564,1,1,1,0,1,0.1437125748502994,0.4948453608247423,0.06463195691202872
565,1,1,0,1,1,0.1437125748502994,0.41237113402061853,0.06283662477558348
566,0,4,1,0,0,0.2754491017964072,1.0,0.1615798922800718
567,0,3,3,0,0,0.18263473053892215,0.7010309278350515,0.12208258527827648
568,1,1,2,0,1,0.18862275449101795,0.4639175257731959,0.06642728904847396
569,1,3,1,0,1,0.20359281437125748,0.6701030927835051,0.10233393177737882
570,1,1,4,1,0,0.2125748502994012,0.7422680412371134,0.10771992818671454
571,1,0,1,1,1,0.27245508982035926,0.9587628865979382,0.14721723518850988
572,0,2,4,1,1,0.15868263473053892,0.6082474226804123,0.08258527827648116
573,0,2,2,0,0,0.1497005988023952,0.6494845360824743,0.09694793536804308
574,0,4,2,1,1,0.2215568862275449,0.8041237113402062,0.10951526032315978
575,1,0,0,0,0,0.11976047904191617,0.5360824742268041,0.07719928186714542
576,1,0,4,1,0,0.18263473053892215,0.4948453608247423,0.07540394973070018
577,0,1,2,1,1,0.24251497005988024,0.9072164948453608,0.14183123877917414
578,0,1,4,0,0,0.1437125748502994,0.5463917525773195,0.08617594254937164
579,0,3,3,1,1,0.15868263473053892,0.5979381443298969,0.10412926391382406
580,0,3,5,1,1,0.24251497005988024,0.9690721649484536,0.15439856373429084
581,0,4,5,1,1,0.23053892215568864,0.7835051546391752,0.12567324955116696
582,0,3,1,0,1,0.18862275449101795,0.7216494845360825,0.12208258527827648
583,0,3,0,1,0,0.218562874251497,0.7422680412371134,0.12567324955116696
584,0,3,4,1,1,0.20658682634730538,0.7628865979381443,0.12028725314183124
585,0,2,0,1,1,0.19461077844311378,0.7525773195876289,0.118491921005386
586,0,0,2,1,1,0.16467065868263472,0.7216494845360825,0.11310592459605028
587,0,2,1,0,1,0.1317365269461078,0.6185567010309279,0.0933572710951526
588,0,2,4,1,1,0.16167664670658682,0.6288659793814433,0.09874326750448834
589,0,0,5,1,1,0.1437125748502994,0.6494845360824743,0.09874326750448834
590,1,2,4,0,1,0.17365269461077845,0.5567010309278351,0.07899461400359066
591,1,0,5,1,1,0.2125748502994012,0.6082474226804123,1.0
592,1,4,1,1,1,0.20359281437125748,0.6701030927835051,0.09694793536804308
593,0,4,2,1,1,0.2215568862275449,0.7525773195876289,0.11310592459605028
594,0,2,1,1,0,0.2754491017964072,1.0,0.15978456014362658
595,0,2,1,1,0,0.16766467065868262,0.7835051546391752,0.11131059245960502
596,1,1,2,0,1,0.08982035928143713,0.21649484536082475,0.008976660682226212
597,1,0,5,1,1,0.15868263473053892,0.5257731958762887,0.06822262118491922
598,0,3,2,1,1,0.20658682634730538,0.7628865979381443,0.11310592459605028
599,0,3,5,1,1,0.19461077844311378,0.8144329896907216,0.12746858168761221
600,0,3,3,1,1,0.16167664670658682,0.5876288659793815,0.09515260323159784
601,0,2,2,1,1,0.08682634730538923,0.26804123711340205,0.03590664272890485
602,0,4,4,1,1,0.2275449101796407,0.7731958762886598,0.12567324955116696
603,1,3,2,0,1,0.17964071856287425,0.5567010309278351,0.07360861759425494
604,1,3,3,0,0,0.25149700598802394,0.8865979381443299,0.1436265709156194
605,1,2,5,1,1,0.2245508982035928,0.711340206185567,0.0933572710951526
606,0,2,0,1,1,0.25449101796407186,0.8350515463917526,0.12926391382405744
607,0,2,3,0,1,0.11976047904191617,0.5670103092783505,0.07899461400359066
608,0,4,4,1,1,0.18263473053892215,0.6288659793814433,0.0933572710951526
609,0,1,0,1,1,0.17365269461077845,0.6185567010309279,0.09874326750448834
610,1,3,4,0,0,0.20658682634730538,0.5876288659793815,0.09515260323159784
611,0,2,4,1,1,0.17365269461077845,0.5773195876288659,0.10053859964093358
612,1,2,1,1,0,0.281437125748503,0.8969072164948454,0.14542190305206462
613,0,2,0,1,1,0.19461077844311378,0.7628865979381443,0.11490125673249552
614,0,0,0,1,1,0.24550898203592814,0.9278350515463918,0.1490125673249551
615,0,2,2,1,1,0.17964071856287425,0.6701030927835051,0.11131059245960502
616,0,4,1,1,1,0.11077844311377245,0.4329896907216495,0.05026929982046679
617,1,3,1,1,1,0.2634730538922156,0.7731958762886598,0.1310592459605027
618,1,3,3,1,1,0.2844311377245509,0.8041237113402062,0.13285457809694792
619,1,2,0,0,0,0.19461077844311378,0.7216494845360825,0.10412926391382406
620,0,2,2,0,1,0.10479041916167664,0.5979381443298969,0.07899461400359066
621,1,1,1,0,1,0.18562874251497005,0.6185567010309279,0.08258527827648116
622,1,2,2,0,0,0.17365269461077845,0.4948453608247423,0.07540394973070018
623,1,0,4,1,0,0.2994011976047904,0.9587628865979382,0.13644524236983843
624,0,4,1,0,1,0.18263473053892215,0.5670103092783505,0.0933572710951526
625,1,3,4,1,0,0.2994011976047904,0.9690721649484536,0.15978456014362658
626,1,1,0,0,0,0.20658682634730538,0.6907216494845361,0.09515260323159784
627,1,3,0,1,1,0.18263473053892215,0.4639175257731959,0.06463195691202872
628,1,3,4,0,1,0.1467065868263473,0.5567010309278351,0.06463195691202872
629,0,2,5,1,0,0.1317365269461078,0.4948453608247423,0.0807899461400359
630,1,3,4,1,1,0.20059880239520958,0.6288659793814433,0.10771992818671454
631,1,1,2,1,1,0.23652694610778444,0.5876288659793815,0.09874326750448834
632,0,1,1,1,0,0.19760479041916168,0.7319587628865979,0.12746858168761221
633,0,2,2,1,1,0.2245508982035928,0.8762886597938144,0.13464991023339318
634,1,3,5,1,1,0.25149700598802394,0.8350515463917526,0.12567324955116696
635,1,0,2,1,1,0.2125748502994012,0.7319587628865979,0.09694793536804308
636,0,1,2,0,0,0.20059880239520958,0.7938144329896907,0.12746858168761221
637,0,3,5,1,0,0.23952095808383234,0.9175257731958762,0.1400359066427289
638,1,4,4,1,1,0.25748502994011974,0.7525773195876289,0.11490125673249552
639,0,3,0,1,1,0.2275449101796407,0.7319587628865979,0.11310592459605028
640,1,3,2,1,1,0.12275449101796407,0.5051546391752577,0.07360861759425494
641,0,3,0,0,0,0.2215568862275449,0.8762886597938144,0.1436265709156194
642,0,1,5,0,1,0.2155688622754491,0.8041237113402062,0.12387791741472172
643,0,4,2,1,0,0.2215568862275449,0.7835051546391752,0.12567324955116696
644,1,1,2,1,1,0.20958083832335328,0.6391752577319587,0.08976660682226212
645,0,1,1,1,0,0.19461077844311378,0.8041237113402062,0.12746858168761221
646,0,3,0,1,1,0.17664670658682635,0.6907216494845361,0.09874326750448834
647,0,4,2,0,1,0.19161676646706588,0.6082474226804123,0.10412926391382406
648,0,1,2,1,1,0.1497005988023952,0.5154639175257731,0.0807899461400359
649,0,3,4,1,0,0.20658682634730538,0.7835051546391752,0.12746858168761221
650,1,2,5,0,0,0.15269461077844312,0.5463917525773195,0.07719928186714542
651,0,0,2,1,0,0.20359281437125748,0.7938144329896907,0.9766606822262118
652,0,3,4,1,0,0.25449101796407186,0.8556701030927835,0.15798922800718132
653,0,0,0,1,0,0.19461077844311378,0.6907216494845361,0.11490125673249552
654,0,1,5,1,1,0.218562874251497,0.7835051546391752,0.12387791741472172
655,0,1,4,1,1,0.18562874251497005,0.6597938144329897,0.10233393177737882
656,1,2,0,0,1,0.23053892215568864,0.6597938144329897,0.09694793536804308
657,1,3,5,1,1,0.20658682634730538,0.6494845360824743,0.09156193895870736
658,0,3,0,0,1,0.12874251497005987,0.5876288659793815,0.08617594254937164
659,1,3,0,1,1,0.2694610778443114,0.865979381443299,0.13464991023339318
660,1,2,4,0,1,0.2215568862275449,0.7628865979381443,0.11310592459605028
661,1,2,5,1,1,0.218562874251497,0.6494845360824743,0.09515260323159784
662,0,3,4,0,1,0.16467065868263472,0.7010309278350515,0.1059245960502693
663,0,2,2,1,1,0.19461077844311378,0.6804123711340206,0.10233393177737882
664,1,3,0,1,1,0.23952095808383234,0.6185567010309279,0.09515260323159784
665,0,2,5,0,0,0.1497005988023952,0.5876288659793815,0.08976660682226212
666,0,2,4,0,0,0.18862275449101795,0.7216494845360825,0.10951526032315978
667,0,1,1,0,1,0.23053892215568864,0.845360824742268,0.13824057450628366
668,1,2,4,1,1,0.218562874251497,0.7319587628865979,0.09156193895870736
669,1,3,0,1,0,0.24251497005988024,0.711340206185567,0.12028725314183124
670,0,2,2,0,1,0.19760479041916168,0.7525773195876289,0.10412926391382406
671,1,3,0,0,1,0.15568862275449102,0.5567010309278351,0.0718132854578097
672,0,2,4,1,1,0.20658682634730538,0.7731958762886598,0.118491921005386
673,0,2,0,1,0,0.19461077844311378,0.8350515463917526,0.13285457809694792
674,0,3,2,1,0,0.20658682634730538,0.7628865979381443,0.12208258527827648
675,0,1,4,1,0,0.1497005988023952,0.6288659793814433,0.10053859964093358
676,0,4,4,1,0,0.218562874251497,0.7731958762886598,0.118491921005386
677,0,2,5,1,0,0.20958083832335328,0.8144329896907216,0.118491921005386
678,1,3,0,0,1,0.24251497005988024,0.7422680412371134,0.12208258527827648
679,1,3,4,0,1,0.18862275449101795,0.5979381443298969,0.08976660682226212
680,0,3,2,1,1,0.20059880239520958,0.711340206185567,0.11490125673249552
681,1,1,2,1,1,0.17964071856287425,0.6701030927835051,0.08976660682226212
682,1,1,2,1,1,0.18562874251497005,0.5360824742268041,0.07899461400359066
683,0,2,5,0,0,0.08682634730538923,0.38144329896907214,0.06104129263913824
684,1,1,4,1,0,0.18562874251497005,0.6494845360824743,0.10412926391382406
685,0,4,3,1,0,0.281437125748503,0.9896907216494846,0.1615798922800718
686,1,4,4,1,0,0.25449101796407186,0.7422680412371134,0.10412926391382406
687,1,3,0,0,1,0.23053892215568864,0.7731958762886598,0.11310592459605028
688,1,0,2,0,1,0.15868263473053892,0.5670103092783505,0.06104129263913824
689,1,4,4,0,1,0.27844311377245506,0.8969072164948454,0.1310592459605027
690,0,2,0,1,1,0.1467065868263473,0.5154639175257731,0.07719928186714542
696,0,2,0,1,0,0.2245508982035928,0.8144329896907216,0.1436265709156194
697,0,0,1,1,1,0.17664670658682635,0.711340206185567,0.10771992818671454
698,0,3,0,1,0,0.17065868263473055,0.7731958762886598,0.12387791741472172
699,1,2,2,0,1,0.19760479041916168,0.6494845360824743,0.08797127468581688
700,0,4,1,1,0,0.23652694610778444,0.8041237113402062,0.12926391382405744
701,0,1,5,1,1,0.17065868263473055,0.6597938144329897,0.11131059245960502
702,1,0,1,1,0,0.26047904191616766,0.8350515463917526,0.13824057450628366
703,0,3,4,1,1,0.18862275449101795,0.6288659793814433,0.10233393177737882
704,0,1,5,0,0,0.17664670658682635,0.6185567010309279,0.09694793536804308
705,1,0,1,0,1,0.18562874251497005,0.711340206185567,0.09874326750448834
706,1,3,2,1,1,0.1377245508982036,0.31958762886597936,0.0466786355475763
707,1,2,4,1,1,0.19760479041916168,0.5773195876288659,0.07540394973070018
708,1,3,2,1,1,0.26646706586826346,0.865979381443299,0.12387791741472172
709,0,3,0,0,0,0.12574850299401197,0.5979381443298969,0.08617594254937164
710,1,2,4,1,0,0.27844311377245506,0.8350515463917526,0.1436265709156194
711,0,4,5,1,0,0.23952095808383234,0.845360824742268,0.13464991023339318
712,0,3,4,1,1,0.2934131736526946,1.0,0.15978456014362658
713,1,3,3,1,1,0.24251497005988024,0.8041237113402062,0.13285457809694792
714,0,1,5,1,0,0.17964071856287425,0.6907216494845361,0.11490125673249552
715,0,1,0,0,0,0.2275449101796407,0.9381443298969072,0.13824057450628366
716,1,2,0,1,0,0.218562874251497,0.7731958762886598,0.11131059245960502
717,0,2,0,1,0,0.2874251497005988,0.9587628865979382,0.15978456014362658
725,1,4,4,1,0,0.24251497005988024,0.7319587628865979,0.10951526032315978
726,0,4,0,1,0,0.19461077844311378,0.7422680412371134,0.12028725314183124
727,1,4,5,1,0,0.20359281437125748,0.4948453608247423,0.0843806104129264
728,0,3,2,0,1,0.218562874251497,0.9175257731958762,0.13285457809694792
729,1,2,4,1,1,0.15868263473053892,0.3711340206185567,0.04847396768402154
730,0,1,0,0,0,0.20359281437125748,0.7628865979381443,0.12567324955116696
731,1,0,5,0,1,0.16467065868263472,0.44329896907216493,0.059245960502693
732,0,2,4,1,0,0.26047904191616766,0.8865979381443299,0.15080789946140036
733,1,3,5,1,1,0.16467065868263472,0.4536082474226804,0.06104129263913824
734,0,4,4,0,1,0.15868263473053892,0.5670103092783505,0.0843806104129264
735,1,2,3,1,1,0.20059880239520958,0.5567010309278351,0.08797127468581688
736,1,2,0,1,1,0.2754491017964072,0.7835051546391752,0.13285457809694792
737,0,1,4,0,0,0.15868263473053892,0.6494845360824743,0.11310592459605028
738,1,3,0,1,1,0.24251497005988024,0.7010309278350515,0.11310592459605028
739,1,2,2,0,1,0.18263473053892215,0.5876288659793815,0.0807899461400359
740,1,3,1,1,1,0.23952095808383234,0.7216494845360825,0.11131059245960502
741,0,0,0,0,1,0.11077844311377245,0.5567010309278351,0.08258527827648116
742,0,2,2,1,1,0.24251497005988024,0.8350515463917526,0.12926391382405744
743,0,2,0,1,0,0.17664670658682635,0.7216494845360825,0.11131059245960502
744,1,1,4,0,1,0.16467065868263472,0.5360824742268041,0.06642728904847396
745,1,3,0,1,1,0.2155688622754491,0.7835051546391752,0.11490125673249552
746,1,3,2,1,1,0.20658682634730538,0.7422680412371134,0.10951526032315978
747,1,2,4,1,1,0.20658682634730538,0.6288659793814433,0.10412926391382406
748,0,2,1,0,1,0.1497005988023952,0.5876288659793815,0.08797127468581688
749,1,1,4,1,0,0.26047904191616766,0.8350515463917526,0.13644524236983843
750,1,3,5,1,0,0.2125748502994012,0.6804123711340206,0.10412926391382406
751,1,4,4,1,1,0.20359281437125748,0.711340206185567,0.09874326750448834
752,1,2,3,0,0,0.23652694610778444,0.7628865979381443,0.11669658886894076
753,0,2,5,1,0,0.23053892215568864,0.8969072164948454,0.13464991023339318
754,1,2,0,0,1,0.17365269461077845,0.5360824742268041,0.07719928186714542
755,0,4,0,1,1,0.25149700598802394,0.9484536082474226,0.14721723518850988
756,1,3,4,1,1,0.16467065868263472,0.5670103092783505,0.07540394973070018
757,1,4,1,0,0,0.20958083832335328,0.6701030927835051,0.11131059245960502
758,0,3,4,0,0,0.15568862275449102,0.5773195876288659,0.09874326750448834
759,1,1,4,1,0,0.20658682634730538,0.7628865979381443,0.12028725314183124
760,0,2,2,0,1,0.15868263473053892,0.711340206185567,0.09694793536804308
761,0,3,5,1,1,0.1437125748502994,0.5670103092783505,0.07899461400359066
762,1,3,5,1,0,0.23353293413173654,0.8041237113402062,0.13644524236983843
763,0,1,2,1,1,0.18562874251497005,0.6082474226804123,0.09515260323159784
764,1,3,4,1,1,0.17964071856287425,0.6185567010309279,0.08797127468581688
765,0,1,2,1,1,0.2215568862275449,0.711340206185567,0.11131059245960502
766,0,2,2,1,0,0.17365269461077845,0.7422680412371134,0.12028725314183124
767,1,1,2,1,0,0.2275449101796407,0.6082474226804123,0.08976660682226212
768,0,3,5,1,1,0.20359281437125748,0.7010309278350515,0.11669658886894076
769,1,0,4,0,1,0.17365269461077845,0.5876288659793815,0.0843806104129264
770,1,1,2,1,1,0.15568862275449102,0.4639175257731959,0.07001795332136446
771,1,3,1,1,1,0.2245508982035928,0.7216494845360825,0.11490125673249552
772,0,1,5,0,0,0.15568862275449102,0.6597938144329897,0.11131059245960502
773,0,2,1,0,1,0.18562874251497005,0.7731958762886598,0.12387791741472172
774,1,1,4,1,1,0.19760479041916168,0.6391752577319587,0.08976660682226212
775,0,1,5,0,1,0.1467065868263473,0.5670103092783505,0.0807899461400359
776,0,1,2,1,1,0.19760479041916168,0.711340206185567,0.10771992818671454
777,0,2,4,0,1,0.10479041916167664,0.422680412371134,0.059245960502693
778,0,0,4,1,0,0.2155688622754491,0.7835051546391752,0.12926391382405744
779,1,4,0,1,0,0.281437125748503,0.845360824742268,0.12926391382405744
780,0,3,0,0,1,0.1377245508982036,0.5463917525773195,0.0843806104129264
781,0,1,3,1,1,0.23053892215568864,0.8969072164948454,0.13285457809694792
782,0,1,2,0,0,0.2275449101796407,0.845360824742268,0.12926391382405744
783,0,2,0,1,0,0.15568862275449102,0.5773195876288659,0.0933572710951526
784,1,2,1,1,0,0.27245508982035926,0.8041237113402062,0.12387791741472172
785,0,1,5,1,0,0.09580838323353294,0.4948453608247423,0.06104129263913824
786,0,4,5,0,1,0.2155688622754491,0.7835051546391752,0.12028725314183124
787,0,1,4,1,1,0.05688622754491018,0.36082474226804123,0.03949730700179533
788,1,2,0,0,1,0.20359281437125748,0.6391752577319587,0.09156193895870736
789,0,2,3,0,1,0.15568862275449102,0.6391752577319587,0.09156193895870736
790,0,1,2,1,1,0.1437125748502994,0.6082474226804123,0.08976660682226212
791,0,3,4,0,1,0.17964071856287425,0.6494845360824743,0.10771992818671454
792,1,3,2,0,1,0.19760479041916168,0.7319587628865979,0.1059245960502693
793,1,4,5,1,0,0.26646706586826346,0.8350515463917526,0.12028725314183124
794,0,1,2,1,1,0.12574850299401197,0.5051546391752577,0.07360861759425494
795,0,4,0,0,0,0.17065868263473055,0.6701030927835051,0.11310592459605028
796,1,3,2,1,1,0.20958083832335328,0.6907216494845361,0.10771992818671454
797,0,4,0,0,1,0.20958083832335328,0.8350515463917526,0.12746858168761221
798,1,4,4,1,1,0.20658682634730538,0.5876288659793815,0.07899461400359066
799,0,2,0,1,1,0.15568862275449102,0.5360824742268041,0.0843806104129264
800,1,2,5,1,0,0.20059880239520958,0.7216494845360825,0.10412926391382406
801,1,2,5,1,0,0.2275449101796407,0.7938144329896907,0.11310592459605028
802,0,4,0,1,1,0.26047904191616766,0.9381443298969072,0.1526032315978456
803,0,1,4,1,1,0.24550898203592814,0.845360824742268,0.13824057450628366
804,0,2,4,1,1,0.218562874251497,0.7525773195876289,0.12208258527827648
805,1,0,4,0,1,0.2245508982035928,0.8041237113402062,0.11490125673249552
806,0,3,4,0,1,0.19161676646706588,0.7319587628865979,0.11669658886894076
807,0,4,2,0,1,0.12275449101796407,0.4329896907216495,0.05385996409335727
808,1,2,2,1,1,0.2694610778443114,0.7422680412371134,0.1059245960502693
809,1,1,1,1,1,0.17664670658682635,0.5257731958762887,0.07360861759425494
810,1,0,5,1,1,0.15269461077844312,0.28865979381443296,0.0466786355475763
811,1,0,2,0,1,0.1347305389221557,0.4536082474226804,0.07001795332136446
812,0,2,3,1,0,0.16167664670658682,0.6288659793814433,0.10233393177737882
813,1,4,5,1,0,0.26047904191616766,0.8350515463917526,0.118491921005386
814,0,2,2,1,1,0.2155688622754491,0.7938144329896907,0.1310592459605027
815,1,1,5,1,0,0.281437125748503,0.8556701030927835,0.13824057450628366
816,0,0,1,1,1,0.1347305389221557,0.5773195876288659,0.09694793536804308
817,1,3,1,0,0,0.18263473053892215,0.6907216494845361,0.118491921005386
818,0,1,2,0,1,0.17964071856287425,0.711340206185567,0.10412926391382406
819,0,2,5,1,1,0.23053892215568864,0.9072164948453608,0.1400359066427289
820,0,0,5,1,0,0.25449101796407186,0.8969072164948454,0.14721723518850988
821,0,3,1,0,1,0.23353293413173654,0.8969072164948454,0.1490125673249551
822,1,4,4,0,0,0.1467065868263473,0.5051546391752577,0.07360861759425494
823,0,1,2,0,1,0.2125748502994012,0.865979381443299,0.12926391382405744
824,0,2,5,0,1,0.1437125748502994,0.5670103092783505,0.07540394973070018
825,1,2,2,1,1,0.18562874251497005,0.6597938144329897,0.08617594254937164
826,0,2,0,0,0,0.16766467065868262,0.6701030927835051,0.10771992818671454
827,0,2,5,1,1,0.19461077844311378,0.6804123711340206,0.118491921005386
828,0,3,5,0,0,0.20658682634730538,0.8556701030927835,0.12746858168761221
829,1,1,5,1,1,0.20359281437125748,0.5257731958762887,0.07719928186714542
830,0,0,4,0,1,0.18263473053892215,0.5876288659793815,0.0843806104129264
831,0,2,1,0,0,0.2215568862275449,0.8556701030927835,0.14183123877917414
832,1,0,1,1,1,0.19161676646706588,0.5876288659793815,0.08617594254937164
833,0,1,2,1,0,0.23053892215568864,0.8144329896907216,0.14183123877917414
834,1,1,4,1,1,0.17365269461077845,0.4845360824742268,0.06283662477558348
835,0,2,2,1,0,0.17964071856287425,0.6288659793814433,0.11490125673249552
836,1,4,2,1,1,0.218562874251497,0.6288659793814433,0.0843806104129264
837,0,0,2,1,0,0.2245508982035928,0.8144329896907216,0.12387791741472172
838,1,1,0,0,0,0.17365269461077845,0.5567010309278351,0.07719928186714542
839,0,2,0,1,1,0.19760479041916168,0.7628865979381443,0.11310592459605028
840,0,3,2,0,1,0.11676646706586827,0.5051546391752577,0.06463195691202872
841,1,2,5,1,1,0.19161676646706588,0.5670103092783505,0.07360861759425494
842,0,1,2,0,0,0.0688622754491018,0.422680412371134,0.0466786355475763
843,1,1,4,0,0,0.2215568862275449,0.7628865979381443,0.118491921005386
844,0,3,5,0,0,0.11976047904191617,0.6391752577319587,0.09694793536804308
845,1,4,3,1,1,0.2694610778443114,0.845360824742268,0.13285457809694792
846,1,2,3,1,0,0.27245508982035926,0.845360824742268,0.13464991023339318
847,1,3,2,1,1,0.19161676646706588,0.5257731958762887,0.0718132854578097
848,0,2,2,1,1,0.17664670658682635,0.711340206185567,0.10412926391382406
849,1,3,0,1,1,0.23952095808383234,0.7422680412371134,0.1059245960502693
850,1,2,3,1,1,0.2125748502994012,0.6597938144329897,0.10233393177737882
851,0,0,2,1,1,0.18263473053892215,0.6701030927835051,0.09515260323159784
852,0,4,4,1,1,0.26047904191616766,0.845360824742268,0.1490125673249551
853,1,4,5,1,1,0.24550898203592814,0.6597938144329897,0.09156193895870736
854,1,2,5,1,1,0.18562874251497005,0.6288659793814433,0.0807899461400359
855,0,1,1,1,1,0.2904191616766467,0.9690721649484536,0.15439856373429084
856,1,1,4,0,1,0.2245508982035928,0.6701030927835051,0.09874326750448834
857,0,2,1,1,1,0.19461077844311378,0.7835051546391752,0.12746858168761221
858,1,1,2,1,0,0.15568862275449102,0.4742268041237113,0.06463195691202872
859,1,2,0,0,1,0.26047904191616766,0.7216494845360825,0.11131059245960502
860,0,2,0,1,1,0.15868263473053892,0.6082474226804123,0.07719928186714542
861,0,4,3,0,1,0.24251497005988024,0.8556701030927835,0.13824057450628366
862,1,3,1,0,0,0.11676646706586827,0.4020618556701031,0.05026929982046679
863,0,2,4,1,0,0.2125748502994012,0.7010309278350515,0.12567324955116696
864,1,2,0,1,1,0.2904191616766467,0.9278350515463918,0.14542190305206462
865,1,3,4,1,0,0.24550898203592814,0.8144329896907216,0.1400359066427289
866,1,2,2,0,1,0.17664670658682635,0.5154639175257731,0.07540394973070018
867,1,1,0,1,1,0.18263473053892215,0.4020618556701031,0.05565529622980251
868,1,4,0,0,0,0.23353293413173654,0.7319587628865979,0.11131059245960502
869,1,2,0,0,1,0.1467065868263473,0.4948453608247423,0.07360861759425494
870,1,1,2,1,1,0.17664670658682635,0.5670103092783505,0.06642728904847396
871,0,2,4,1,0,0.20958083832335328,0.711340206185567,0.118491921005386
872,1,1,0,1,0,0.24550898203592814,0.8350515463917526,0.12208258527827648
873,1,4,0,0,1,0.2694610778443114,0.8969072164948454,0.12926391382405744
874,0,2,1,0,1,0.12874251497005987,0.6082474226804123,0.09156193895870736
875,1,2,4,0,1,0.23952095808383234,0.6288659793814433,0.10053859964093358
876,1,3,4,1,1,0.24251497005988024,0.8144329896907216,0.13285457809694792
877,1,2,5,1,1,0.17065868263473055,0.5979381443298969,0.07899461400359066
878,0,3,5,1,1,0.17664670658682635,0.711340206185567,0.12567324955116696
879,0,3,0,1,1,0.19161676646706588,0.7525773195876289,0.11490125673249552
890,0,4,4,1,0,0.25748502994011974,0.845360824742268,0.14542190305206462
891,0,4,0,1,1,0.25449101796407186,0.9175257731958762,0.13464991023339318
892,0,0,3,0,1,0.1497005988023952,0.6597938144329897,0.11310592459605028
893,1,3,5,1,0,0.2634730538922156,0.7319587628865979,0.11669658886894076
894,0,4,0,1,1,0.17664670658682635,0.6082474226804123,0.1059245960502693
895,0,4,5,0,1,0.09580838323353294,0.31958762886597936,0.05026929982046679
896,1,1,2,0,1,0.10778443113772455,0.26804123711340205,0.03052064631956912
897,0,1,5,0,0,0.18862275449101795,0.7731958762886598,0.12387791741472172
898,1,3,0,1,0,0.20059880239520958,0.5257731958762887,0.09515260323159784
899,0,3,5,1,0,0.19461077844311378,0.7731958762886598,0.12926391382405744
900,1,3,3,1,1,0.25449101796407186,0.8350515463917526,0.14183123877917414
901,0,2,3,1,1,0.218562874251497,0.7731958762886598,0.11490125673249552
902,0,0,2,0,0,0.10179640718562874,0.4639175257731959,0.05565529622980251
903,0,3,1,0,0,0.27844311377245506,1.0,0.1615798922800718
904,0,3,5,0,1,0.20059880239520958,0.8350515463917526,0.13285457809694792
905,1,3,4,1,1,0.2634730538922156,0.7628865979381443,0.12028725314183124
906,1,1,2,1,1,0.17065868263473055,0.4639175257731959,0.07360861759425494
907,0,3,4,1,0,0.23652694610778444,0.8350515463917526,0.14542190305206462
908,0,2,1,0,1,0.20059880239520958,0.7422680412371134,0.11131059245960502
909,1,4,1,1,0,0.20958083832335328,0.6288659793814433,0.10771992818671454
910,1,3,1,0,1,0.1497005988023952,0.4020618556701031,0.06822262118491922
911,0,0,4,1,1,0.20658682634730538,0.8350515463917526,0.12926391382405744
912,0,2,1,1,0,0.15568862275449102,0.5979381443298969,0.10053859964093358
913,0,2,1,0,0,0.1407185628742515,0.6082474226804123,0.10053859964093358
914,0,1,0,0,1,0.1377245508982036,0.5979381443298969,0.0807899461400359
915,0,4,4,1,1,0.20359281437125748,0.6907216494845361,0.10053859964093358
916,1,4,1,1,0,0.2994011976047904,1.0,0.1615798922800718
917,0,2,2,1,1,0.1317365269461078,0.5979381443298969,0.07540394973070018
918,0,2,0,1,0,0.17065868263473055,0.7628865979381443,0.12567324955116696
919,1,1,4,1,0,0.27245508982035926,0.9587628865979382,0.14542190305206462
920,1,3,2,0,1,0.20658682634730538,0.6907216494845361,0.10233393177737882
921,0,2,2,0,1,0.10479041916167664,0.5154639175257731,0.06463195691202872
922,1,3,2,1,1,0.2155688622754491,0.6494845360824743,0.10053859964093358
923,0,1,0,0,1,0.16167664670658682,0.6391752577319587,0.09874326750448834
924,1,3,2,0,1,0.2215568862275449,0.6907216494845361,0.1059245960502693
925,1,4,5,1,0,0.2215568862275449,0.6288659793814433,0.08976660682226212
926,1,4,0,0,1,0.19161676646706588,0.5463917525773195,0.07540394973070018
927,0,3,2,0,0,0.19461077844311378,0.5979381443298969,0.10951526032315978
928,1,4,0,0,0,0.1377245508982036,0.41237113402061853,0.06104129263913824
929,0,2,5,0,1,0.1437125748502994,0.5463917525773195,0.07360861759425494
930,1,2,4,0,0,0.20059880239520958,0.7319587628865979,0.10771992818671454
931,1,3,4,0,1,0.18562874251497005,0.5567010309278351,0.0933572710951526
932,1,3,0,0,0,0.18263473053892215,0.7010309278350515,0.11310592459605028
933,1,2,1,0,0,0.20958083832335328,0.7422680412371134,0.11490125673249552
934,1,2,0,1,0,0.2934131736526946,0.865979381443299,0.1436265709156194
935,1,3,4,0,1,0.20958083832335328,0.6185567010309279,0.08617594254937164
936,1,0,0,1,1,0.20059880239520958,0.5567010309278351,0.07719928186714542
937,0,4,2,0,1,0.17065868263473055,0.5670103092783505,0.0843806104129264
938,1,3,4,1,0,0.25449101796407186,0.8041237113402062,0.13464991023339318
939,1,3,5,1,0,0.23053892215568864,0.6701030927835051,0.1059245960502693
947,0,3,4,0,1,0.1467065868263473,0.5670103092783505,0.08976660682226212
948,1,1,5,0,0,0.1467065868263473,0.4845360824742268,0.07540394973070018
949,0,4,2,0,0,0.17065868263473055,0.7422680412371134,0.11310592459605028
950,1,4,2,1,1,0.281437125748503,0.7216494845360825,0.10951526032315978
951,0,3,4,1,0,0.2245508982035928,0.7628865979381443,0.1310592459605027
952,0,4,5,0,1,0.2215568862275449,0.7319587628865979,0.11131059245960502
953,1,2,2,1,0,0.17365269461077845,0.5051546391752577,0.07899461400359066
954,0,2,4,1,1,0.18562874251497005,0.6804123711340206,0.1059245960502693
955,1,4,0,1,1,0.2155688622754491,0.5567010309278351,0.0933572710951526
956,1,2,4,1,1,0.25149700598802394,0.865979381443299,0.12746858168761221
957,0,3,3,1,1,0.2754491017964072,1.0,0.1615798922800718
958,0,3,2,1,1,0.1347305389221557,0.6185567010309279,0.08797127468581688
959,1,2,2,1,1,0.2245508982035928,0.8041237113402062,0.10951526032315978
960,0,0,4,1,1,0.16766467065868262,0.5670103092783505,0.09694793536804308
961,0,3,5,0,1,0.1437125748502994,0.5257731958762887,0.07719928186714542
962,0,4,0,1,1,0.2994011976047904,1.0,0.1615798922800718
963,0,2,5,0,0,0.19461077844311378,0.7525773195876289,0.11669658886894076
964,1,3,4,1,1,0.2155688622754491,0.5567010309278351,0.08617594254937164
965,0,3,4,1,1,0.18562874251497005,0.6907216494845361,0.11131059245960502
966,1,0,5,1,0,0.19760479041916168,0.6701030927835051,0.09694793536804308
967,1,2,4,1,1,0.18862275449101795,0.6185567010309279,0.08976660682226212
968,0,4,0,1,1,0.20359281437125748,0.7525773195876289,0.10233393177737882
969,0,1,1,1,1,0.2245508982035928,0.8350515463917526,0.12567324955116696
970,0,3,1,1,1,0.26646706586826346,1.0,0.1615798922800718
971,1,2,5,1,0,0.23353293413173654,0.711340206185567,0.1059245960502693
972,0,0,2,0,0,0.15868263473053892,0.4845360824742268,0.08976660682226212
973,0,3,4,0,1,0.1467065868263473,0.6391752577319587,0.09156193895870736
974,0,0,4,1,1,0.16167664670658682,0.6185567010309279,0.10233393177737882
975,0,2,4,1,0,0.19161676646706588,0.8144329896907216,0.12028725314183124
976,1,1,4,0,0,0.17964071856287425,0.6082474226804123,0.08976660682226212
977,1,2,0,1,1,0.18562874251497005,0.6391752577319587,0.08617594254937164
978,1,3,2,1,0,0.16467065868263472,0.3917525773195876,0.06822262118491922
979,0,2,0,1,1,0.27245508982035926,0.9484536082474226,0.15080789946140036
980,0,1,2,0,1,0.023952095808383235,0.21649484536082475,0.02333931777378815
981,1,3,5,1,1,0.24251497005988024,0.7731958762886598,0.12208258527827648
982,1,1,5,1,0,0.23652694610778444,0.845360824742268,0.13644524236983843
983,0,0,4,1,0,0.23353293413173654,0.865979381443299,0.14542190305206462
984,0,2,5,1,1,0.2215568862275449,0.7422680412371134,0.12926391382405744
985,1,0,2,1,1,0.17065868263473055,0.4948453608247423,0.07899461400359066
986,0,2,0,1,1,0.11976047904191617,0.5773195876288659,0.07360861759425494
987,1,4,5,1,0,0.24251497005988024,0.7422680412371134,0.118491921005386
988,0,0,5,0,1,0.1317365269461078,0.4329896907216495,0.06283662477558348
989,0,3,4,0,0,0.20059880239520958,0.8556701030927835,0.1310592459605027
990,1,4,2,0,0,0.25748502994011974,0.8041237113402062,0.11669658886894076
991,0,1,5,1,0,0.19461077844311378,0.8144329896907216,0.12208258527827648
992,0,3,0,0,1,0.16467065868263472,0.7525773195876289,0.118491921005386
993,0,3,1,0,1,0.18562874251497005,0.711340206185567,0.11490125673249552
994,1,0,2,1,1,0.18862275449101795,0.6185567010309279,0.0933572710951526
995,0,4,3,1,0,0.2634730538922156,0.9896907216494846,0.1526032315978456
996,1,2,2,0,1,0.18562874251497005,0.5360824742268041,0.0807899461400359
997,0,2,2,0,0,0.17664670658682635,0.7010309278350515,0.09874326750448834
998,0,3,4,1,0,0.20359281437125748,0.7731958762886598,0.12028725314183124
999,0,3,4,0,1,0.23053892215568864,0.8556701030927835,0.13644524236983843
